{
  "n_experiments": 630,
  "timestamp": "2026-01-10T17:01:35.043103",
  "theoretical_optimal_alpha": 1.5384615384615383,
  "alpha_comparison": {
    "forgetting_mean": {
      "0.0": 0.0383,
      "0.25": 0.0174,
      "0.5": 0.0158,
      "0.75": 0.0136,
      "1.0": 0.0107,
      "1.5": 0.0047,
      "2.0": 0.0004
    },
    "forgetting_std": {
      "0.0": 0.1011,
      "0.25": 0.0826,
      "0.5": 0.0792,
      "0.75": 0.0742,
      "1.0": 0.0683,
      "1.5": 0.0579,
      "2.0": 0.0509
    },
    "forgetting_reduction_mean": {
      "0.0": 0.0,
      "0.25": 0.0717,
      "0.5": 0.08,
      "0.75": 0.0887,
      "1.0": 0.1002,
      "1.5": 0.1276,
      "2.0": 0.1509
    },
    "forgetting_reduction_std": {
      "0.0": 0.0,
      "0.25": 0.3941,
      "0.5": 0.3958,
      "0.75": 0.4067,
      "1.0": 0.432,
      "1.5": 0.5085,
      "2.0": 0.5778
    },
    "loss_t2_after_t2_mean": {
      "0.0": 0.011,
      "0.25": 0.0474,
      "0.5": 0.0514,
      "0.75": 0.0559,
      "1.0": 0.0606,
      "1.5": 0.071,
      "2.0": 0.0816
    },
    "loss_t2_after_t2_std": {
      "0.0": 0.016,
      "0.25": 0.0813,
      "0.5": 0.0823,
      "0.75": 0.0844,
      "1.0": 0.0869,
      "1.5": 0.0913,
      "2.0": 0.0946
    },
    "effective_lr_mean": {
      "0.0": 0.0533,
      "0.25": 0.0382,
      "0.5": 0.0334,
      "0.75": 0.0297,
      "1.0": 0.0268,
      "1.5": 0.0225,
      "2.0": 0.0196
    },
    "effective_lr_std": {
      "0.0": 0.037,
      "0.25": 0.0343,
      "0.5": 0.0315,
      "0.75": 0.0299,
      "1.0": 0.0289,
      "1.5": 0.0276,
      "2.0": 0.0268
    }
  },
  "statistical_tests": {
    "0.25": {
      "mean_reduction": 0.07169007589963626,
      "t_statistic": 1.5211933971050975,
      "p_value": 0.12998573128499585,
      "significant": false
    },
    "0.5": {
      "mean_reduction": 0.08001154429594942,
      "t_statistic": 1.6617773811002796,
      "p_value": 0.09831755342847276,
      "significant": false
    },
    "0.75": {
      "mean_reduction": 0.0886627892007815,
      "t_statistic": 1.8715469203602213,
      "p_value": 0.06291000418768114,
      "significant": false
    },
    "1.0": {
      "mean_reduction": 0.100171550928653,
      "t_statistic": 2.1464286701524706,
      "p_value": 0.0331927367817011,
      "significant": true
    },
    "1.5": {
      "mean_reduction": 0.12764036076534035,
      "t_statistic": 2.734737689428467,
      "p_value": 0.00687452150617808,
      "significant": true
    },
    "2.0": {
      "mean_reduction": 0.15090353109723761,
      "t_statistic": 3.172605682271864,
      "p_value": 0.0017798213865840243,
      "significant": true
    }
  },
  "optimal_alphas": {
    "0.0": 0.25,
    "0.2": 2.0,
    "0.4": 2.0,
    "0.6": 2.0,
    "0.8": 0.0,
    "1.0": 0.0
  },
  "best_alpha": 2.0,
  "best_reduction": 0.15090353109723761
}