{
  "timestamp": "2026-01-07T21:05:40.635924",
  "n_samples": 1980,
  "forgetting_stats": {
    "mean": -0.04550511150218188,
    "std": 0.13242755555828561,
    "min": -0.2610620856285095,
    "max": 0.2066951815629572
  },
  "by_similarity": {
    "mean": {
      "0.0": 0.003499853038398349,
      "0.1": -0.006330366839692404,
      "0.2": -0.016154693639667907,
      "0.3": -0.025972523036657515,
      "0.4": -0.03578293215207796,
      "0.5": -0.04558461945228319,
      "0.6": -0.0553755740255701,
      "0.7": -0.0651525370707698,
      "0.8": -0.07490926992700372,
      "0.9": -0.08463036011628847,
      "1.0": -0.09416320330238787
    },
    "std": {
      "0.0": 0.1600104317755295,
      "0.1": 0.1532411075846932,
      "0.2": 0.14653739875137506,
      "0.3": 0.13990966797204885,
      "0.4": 0.13336991827155703,
      "0.5": 0.12693217765756087,
      "0.6": 0.12061269217820972,
      "0.7": 0.11443008504836703,
      "0.8": 0.10840456386520946,
      "0.9": 0.10255318005882592,
      "1.0": 0.0967714408811108
    },
    "count": {
      "0.0": 180,
      "0.1": 180,
      "0.2": 180,
      "0.3": 180,
      "0.4": 180,
      "0.5": 180,
      "0.6": 180,
      "0.7": 180,
      "0.8": 180,
      "0.9": 180,
      "1.0": 180
    }
  },
  "by_learning_rate": {
    "mean": {
      "0.001": -0.1407796986175306,
      "0.01": -0.08109216458291155,
      "0.1": 0.08535652869389651
    },
    "std": {
      "0.001": 0.08749669131156812,
      "0.01": 0.11683725115808376,
      "0.1": 0.06202938987391797
    }
  },
  "correlations": {
    "similarity": -0.23358373486786183,
    "learning_rate": 0.7116856920179755,
    "n_steps": 0.11247412191981448,
    "weight_change_t1": 0.7905484106829369,
    "weight_change_t2": 0.6015272831969842
  }
}