{
  "summary_by_depth": {
    "mean": {
      "1": 9.328039368912577,
      "2": 9.325309468619526,
      "3": 9.19323685914278,
      "4": 8.812445851191878,
      "5": 7.903579161167145
    },
    "std": {
      "1": 9.342427569158254,
      "2": 9.333300373272921,
      "3": 9.273305967782573,
      "4": 9.110306869574412,
      "5": 8.763087544988416
    },
    "count": {
      "1": 50,
      "2": 50,
      "3": 50,
      "4": 50,
      "5": 50
    }
  },
  "pivot_table": {
    "0.0": {
      "1": 24.946696615964175,
      "2": 24.931226341053843,
      "3": 24.746551844477654,
      "4": 24.187279772758483,
      "5": 22.783242028951644
    },
    "0.25": {
      "1": 13.992918253690004,
      "2": 13.987024108693003,
      "3": 13.75232329070568,
      "4": 13.134660410881043,
      "5": 11.864239400625229
    },
    "0.5": {
      "1": 6.200072146207094,
      "2": 6.199783269688487,
      "3": 6.047657296061516,
      "4": 5.669294285774231,
      "5": 4.869928020238876
    },
    "0.75": {
      "1": 1.5309214480221272,
      "2": 1.5371717613190412,
      "3": 1.4864436715841294,
      "4": 1.298262882232666,
      "5": 0.7545336663722992
    },
    "1.0": {
      "1": -0.03041161932051182,
      "2": -0.028658137656748295,
      "3": -0.06679180711507797,
      "4": -0.22726809568703174,
      "5": -0.7540473103523254
    }
  },
  "baseline_1_level": 9.328039368912577,
  "config": {
    "d_in": 50,
    "d_out": 5,
    "d_hidden_total": 128,
    "base_lr": 0.1,
    "lr_decay_per_level": 0.1,
    "steps": 300
  }
}